<?xml version="1.0" encoding="UTF-8" standalone="no"?>
<Tournament dataVersion="201">
<Players>
<Player agaExpirationDate="" agaId="" club="CSOV" country="RO" egfPin="" ffgLicence="" ffgLicenceStatus="" firstName="Robert" grade="20K" name="Birlan" participating="11111111111111111111" rank="13K" rating="100" ratingOrigin="INI" registeringStatus="FIN" smmsCorrection="0"/>
<Player agaExpirationDate="" agaId="" club="Boto" country="RO" egfPin="17837270" ffgLicence="" ffgLicenceStatus="" firstName="Stefan_Adrian" grade=" 9K" name="Rotarita" participating="11111111111111111111" rank="9K" rating="1235" ratingOrigin="EGF" registeringStatus="FIN" smmsCorrection="0"/>
<Player agaExpirationDate="" agaId="" club="CSOV" country="RO" egfPin="17049043" ffgLicence="" ffgLicenceStatus="" firstName="George" grade=" 5K" name="Gigoi" participating="11111111111111111111" rank="9K" rating="1621" ratingOrigin="EGF" registeringStatus="FIN" smmsCorrection="0"/>
<Player agaExpirationDate="" agaId="" club="CSOV" country="RO" egfPin="16033798" ffgLicence="" ffgLicenceStatus="" firstName="Ioana" grade="14K" name="Grigorescu" participating="11111111111111111111" rank="9K" rating="640" ratingOrigin="EGF" registeringStatus="FIN" smmsCorrection="0"/>
<Player agaExpirationDate="" agaId="" club="CSOV" country="RO" egfPin="" ffgLicence="" ffgLicenceStatus="" firstName="Larisa" grade="20K" name="Popescu" participating="11101111111111111111" rank="13K" rating="100" ratingOrigin="INI" registeringStatus="FIN" smmsCorrection="0"/>
<Player agaExpirationDate="" agaId="" club="CSOV" country="RO" egfPin="17513408" ffgLicence="" ffgLicenceStatus="" firstName="Horia" grade="20K" name="Nazarie" participating="11111111111111111111" rank="13K" rating="131" ratingOrigin="EGF" registeringStatus="FIN" smmsCorrection="0"/>
<Player agaExpirationDate="" agaId="" club="CSOV" country="RO" egfPin="17349893" ffgLicence="" ffgLicenceStatus="" firstName="Andrei" grade="10K" name="Mihaiu" participating="11111111111111111111" rank="9K" rating="1257" ratingOrigin="EGF" registeringStatus="FIN" smmsCorrection="0"/>
<Player agaExpirationDate="" agaId="" club="CSOV" country="RO" egfPin="17033973" ffgLicence="" ffgLicenceStatus="" firstName="Maria" grade="13K" name="Vasilescu" participating="11111111111111111111" rank="9K" rating="801" ratingOrigin="EGF" registeringStatus="FIN" smmsCorrection="0"/>
<Player agaExpirationDate="" agaId="" club="CSOV" country="RO" egfPin="17474501" ffgLicence="" ffgLicenceStatus="" firstName="Alexandru" grade="18K" name="Belu" participating="11111111111111111111" rank="11K" rating="295" ratingOrigin="EGF" registeringStatus="FIN" smmsCorrection="0"/>
<Player agaExpirationDate="" agaId="" club="CSOV" country="RO" egfPin="17374907" ffgLicence="" ffgLicenceStatus="" firstName="Andrei" grade="16K" name="Vieru" participating="11111111111111111111" rank="11K" rating="531" ratingOrigin="EGF" registeringStatus="FIN" smmsCorrection="0"/>
<Player agaExpirationDate="" agaId="" club="CSOV" country="RO" egfPin="15674725" ffgLicence="" ffgLicenceStatus="" firstName="Mircea" grade=" 8K" name="Nitu" participating="11111111111111111111" rank="9K" rating="1405" ratingOrigin="EGF" registeringStatus="FIN" smmsCorrection="0"/>
<Player agaExpirationDate="" agaId="" club="CSOV" country="RO" egfPin="" ffgLicence="" ffgLicenceStatus="" firstName="Ioana" grade="20K" name="Cornila" participating="11111111111111111111" rank="13K" rating="100" ratingOrigin="INI" registeringStatus="FIN" smmsCorrection="0"/>
<Player agaExpirationDate="" agaId="" club="CSOV" country="RO" egfPin="" ffgLicence="" ffgLicenceStatus="" firstName="Maria" grade="20K" name="Patru" participating="11101111111111111111" rank="13K" rating="100" ratingOrigin="INI" registeringStatus="FIN" smmsCorrection="0"/>
<Player agaExpirationDate="" agaId="" club="CSOV" country="RO" egfPin="17933685" ffgLicence="" ffgLicenceStatus="" firstName="Andrei" grade="20K" name="Prahoveanu" participating="11111111111111111111" rank="13K" rating="235" ratingOrigin="EGF" registeringStatus="FIN" smmsCorrection="0"/>
<Player agaExpirationDate="" agaId="" club="CSOV" country="RO" egfPin="17549378" ffgLicence="" ffgLicenceStatus="" firstName="Mihai" grade="18K" name="Gheorghe" participating="11111111111111111111" rank="11K" rating="389" ratingOrigin="EGF" registeringStatus="FIN" smmsCorrection="0"/>
<Player agaExpirationDate="" agaId="" club="CSOV" country="RO" egfPin="17062045" ffgLicence="" ffgLicenceStatus="" firstName="Nicoleta_Iulia" grade="16K" name="Stancu" participating="11111111111111111111" rank="11K" rating="668" ratingOrigin="EGF" registeringStatus="FIN" smmsCorrection="0"/>
<Player agaExpirationDate="" agaId="" club="CSOV" country="RO" egfPin="17413495" ffgLicence="" ffgLicenceStatus="" firstName="Codrin" grade="17K" name="Danculea" participating="11111111111111111111" rank="13K" rating="371" ratingOrigin="EGF" registeringStatus="FIN" smmsCorrection="0"/>
<Player agaExpirationDate="" agaId="" club="CSOV" country="RO" egfPin="17949690" ffgLicence="" ffgLicenceStatus="" firstName="Alexandru" grade="20K" name="Prahoveanu" participating="11111111111111111111" rank="13K" rating="100" ratingOrigin="EGF" registeringStatus="FIN" smmsCorrection="0"/>
<Player agaExpirationDate="" agaId="" club="CSOV" country="RO" egfPin="17013051" ffgLicence="" ffgLicenceStatus="" firstName="Emma" grade="17K" name="Marosan" participating="11111111111111111111" rank="11K" rating="595" ratingOrigin="EGF" registeringStatus="FIN" smmsCorrection="0"/>
<Player agaExpirationDate="" agaId="" club="CSOV" country="RO" egfPin="17086058" ffgLicence="" ffgLicenceStatus="" firstName="Alexandru" grade="17K" name="Voicu" participating="11111111111111111111" rank="13K" rating="591" ratingOrigin="EGF" registeringStatus="FIN" smmsCorrection="0"/>
<Player agaExpirationDate="" agaId="" club="CSOV" country="RO" egfPin="17649830" ffgLicence="" ffgLicenceStatus="" firstName="Antonia" grade="16K" name="Stanciu" participating="11111111111111111111" rank="11K" rating="394" ratingOrigin="EGF" registeringStatus="FIN" smmsCorrection="0"/>
</Players>
<Games>
<Game blackPlayer="GIGOIGEORGE" handicap="0" knownColor="true" result="RESULT_BLACKWINS" roundNumber="1" tableNumber="1" whitePlayer="VASILESCUMARIA"/>
<Game blackPlayer="GRIGORESCUIOANA" handicap="0" knownColor="true" result="RESULT_WHITEWINS" roundNumber="1" tableNumber="2" whitePlayer="NITUMIRCEA"/>
<Game blackPlayer="MIHAIUANDREI" handicap="0" knownColor="true" result="RESULT_WHITEWINS" roundNumber="1" tableNumber="3" whitePlayer="ROTARITASTEFAN_ADRIAN"/>
<Game blackPlayer="BELUALEXANDRU" handicap="0" knownColor="true" result="RESULT_WHITEWINS" roundNumber="1" tableNumber="4" whitePlayer="STANCUNICOLETA_IULIA"/>
<Game blackPlayer="GHEORGHEMIHAI" handicap="0" knownColor="true" result="RESULT_BLACKWINS" roundNumber="1" tableNumber="5" whitePlayer="MAROSANEMMA"/>
<Game blackPlayer="STANCIUANTONIA" handicap="0" knownColor="true" result="RESULT_WHITEWINS" roundNumber="1" tableNumber="6" whitePlayer="VIERUANDREI"/>
<Game blackPlayer="BIRLANROBERT" handicap="0" knownColor="true" result="RESULT_WHITEWINS" roundNumber="1" tableNumber="7" whitePlayer="VOICUALEXANDRU"/>
<Game blackPlayer="DANCULEACODRIN" handicap="0" knownColor="true" result="RESULT_BLACKWINS" roundNumber="1" tableNumber="8" whitePlayer="CORNILAIOANA"/>
<Game blackPlayer="PRAHOVEANUANDREI" handicap="0" knownColor="true" result="RESULT_BLACKWINS" roundNumber="1" tableNumber="9" whitePlayer="PRAHOVEANUALEXANDRU"/>
<Game blackPlayer="MIHAIUANDREI" handicap="1" knownColor="true" result="RESULT_WHITEWINS" roundNumber="4" tableNumber="1" whitePlayer="GIGOIGEORGE"/>
<Game blackPlayer="PATRUMARIA" handicap="6" knownColor="true" result="RESULT_WHITEWINS" roundNumber="1" tableNumber="10" whitePlayer="NAZARIEHORIA"/>
<Game blackPlayer="NITUMIRCEA" handicap="0" knownColor="true" result="RESULT_WHITEWINS" roundNumber="4" tableNumber="2" whitePlayer="ROTARITASTEFAN_ADRIAN"/>
<Game blackPlayer="VASILESCUMARIA" handicap="0" knownColor="true" result="RESULT_BLACKWINS" roundNumber="4" tableNumber="3" whitePlayer="GRIGORESCUIOANA"/>
<Game blackPlayer="STANCUNICOLETA_IULIA" handicap="0" knownColor="true" result="RESULT_WHITEWINS" roundNumber="4" tableNumber="4" whitePlayer="VIERUANDREI"/>
<Game blackPlayer="MAROSANEMMA" handicap="0" knownColor="true" result="RESULT_WHITEWINS" roundNumber="4" tableNumber="5" whitePlayer="STANCIUANTONIA"/>
<Game blackPlayer="GHEORGHEMIHAI" handicap="0" knownColor="true" result="RESULT_BLACKWINS" roundNumber="4" tableNumber="6" whitePlayer="VOICUALEXANDRU"/>
<Game blackPlayer="PRAHOVEANUANDREI" handicap="0" knownColor="true" result="RESULT_WHITEWINS" roundNumber="4" tableNumber="7" whitePlayer="DANCULEACODRIN"/>
<Game blackPlayer="BELUALEXANDRU" handicap="0" knownColor="true" result="RESULT_BLACKWINS" roundNumber="4" tableNumber="8" whitePlayer="BIRLANROBERT"/>
<Game blackPlayer="PRAHOVEANUALEXANDRU" handicap="0" knownColor="true" result="RESULT_BLACKWINS" roundNumber="4" tableNumber="9" whitePlayer="NAZARIEHORIA"/>
<Game blackPlayer="NITUMIRCEA" handicap="0" knownColor="true" result="RESULT_WHITEWINS" roundNumber="3" tableNumber="1" whitePlayer="GIGOIGEORGE"/>
<Game blackPlayer="STANCUNICOLETA_IULIA" handicap="1" knownColor="true" result="RESULT_WHITEWINS" roundNumber="3" tableNumber="2" whitePlayer="MIHAIUANDREI"/>
<Game blackPlayer="VIERUANDREI" handicap="1" knownColor="true" result="RESULT_WHITEWINS" roundNumber="3" tableNumber="3" whitePlayer="ROTARITASTEFAN_ADRIAN"/>
<Game blackPlayer="GHEORGHEMIHAI" handicap="1" knownColor="true" result="RESULT_WHITEWINS" roundNumber="3" tableNumber="4" whitePlayer="VASILESCUMARIA"/>
<Game blackPlayer="MAROSANEMMA" handicap="1" knownColor="true" result="RESULT_WHITEWINS" roundNumber="3" tableNumber="5" whitePlayer="GRIGORESCUIOANA"/>
<Game blackPlayer="VOICUALEXANDRU" handicap="0" knownColor="true" result="RESULT_BLACKWINS" roundNumber="3" tableNumber="6" whitePlayer="BELUALEXANDRU"/>
<Game blackPlayer="DANCULEACODRIN" handicap="0" knownColor="true" result="RESULT_WHITEWINS" roundNumber="3" tableNumber="7" whitePlayer="STANCIUANTONIA"/>
<Game blackPlayer="CORNILAIOANA" handicap="0" knownColor="true" result="RESULT_WHITEWINS" roundNumber="3" tableNumber="8" whitePlayer="PRAHOVEANUANDREI"/>
<Game blackPlayer="BIRLANROBERT" handicap="0" knownColor="true" result="RESULT_BLACKWINS" roundNumber="3" tableNumber="9" whitePlayer="NAZARIEHORIA"/>
<Game blackPlayer="POPESCULARISA" handicap="0" knownColor="true" result="RESULT_WHITEWINS" roundNumber="3" tableNumber="10" whitePlayer="PATRUMARIA"/>
<Game blackPlayer="ROTARITASTEFAN_ADRIAN" handicap="0" knownColor="true" result="RESULT_WHITEWINS" roundNumber="2" tableNumber="1" whitePlayer="GIGOIGEORGE"/>
<Game blackPlayer="VASILESCUMARIA" handicap="1" knownColor="true" result="RESULT_WHITEWINS" roundNumber="2" tableNumber="2" whitePlayer="NITUMIRCEA"/>
<Game blackPlayer="MIHAIUANDREI" handicap="0" knownColor="true" result="RESULT_BLACKWINS" roundNumber="2" tableNumber="3" whitePlayer="GRIGORESCUIOANA"/>
<Game blackPlayer="STANCIUANTONIA" handicap="1" knownColor="true" result="RESULT_WHITEWINS" roundNumber="2" tableNumber="4" whitePlayer="STANCUNICOLETA_IULIA"/>
<Game blackPlayer="VIERUANDREI" handicap="0" knownColor="true" result="RESULT_BLACKWINS" roundNumber="2" tableNumber="5" whitePlayer="GHEORGHEMIHAI"/>
<Game blackPlayer="MAROSANEMMA" handicap="0" knownColor="true" result="RESULT_BLACKWINS" roundNumber="2" tableNumber="6" whitePlayer="BELUALEXANDRU"/>
<Game blackPlayer="VOICUALEXANDRU" handicap="0" knownColor="true" result="RESULT_BLACKWINS" roundNumber="2" tableNumber="7" whitePlayer="PRAHOVEANUANDREI"/>
<Game blackPlayer="NAZARIEHORIA" handicap="0" knownColor="true" result="RESULT_WHITEWINS" roundNumber="2" tableNumber="8" whitePlayer="DANCULEACODRIN"/>
<Game blackPlayer="PRAHOVEANUALEXANDRU" handicap="0" knownColor="true" result="RESULT_WHITEWINS" roundNumber="2" tableNumber="9" whitePlayer="BIRLANROBERT"/>
<Game blackPlayer="VIERUANDREI" handicap="3" knownColor="true" result="RESULT_WHITEWINS" roundNumber="5" tableNumber="1" whitePlayer="GIGOIGEORGE"/>
<Game blackPlayer="POPESCULARISA" handicap="6" knownColor="true" result="RESULT_WHITEWINS" roundNumber="2" tableNumber="10" whitePlayer="CORNILAIOANA"/>
<Game blackPlayer="VASILESCUMARIA" handicap="1" knownColor="true" result="RESULT_WHITEWINS" roundNumber="5" tableNumber="2" whitePlayer="ROTARITASTEFAN_ADRIAN"/>
<Game blackPlayer="NITUMIRCEA" handicap="0" knownColor="true" result="RESULT_BLACKWINS" roundNumber="5" tableNumber="3" whitePlayer="MIHAIUANDREI"/>
<Game blackPlayer="STANCUNICOLETA_IULIA" handicap="1" knownColor="true" result="RESULT_WHITEWINS" roundNumber="5" tableNumber="4" whitePlayer="GRIGORESCUIOANA"/>
<Game blackPlayer="STANCIUANTONIA" handicap="0" knownColor="true" result="RESULT_BLACKWINS" roundNumber="5" tableNumber="5" whitePlayer="GHEORGHEMIHAI"/>
<Game blackPlayer="VOICUALEXANDRU" handicap="0" knownColor="true" result="RESULT_BLACKWINS" roundNumber="5" tableNumber="6" whitePlayer="MAROSANEMMA"/>
<Game blackPlayer="DANCULEACODRIN" handicap="0" knownColor="true" result="RESULT_WHITEWINS" roundNumber="5" tableNumber="7" whitePlayer="BELUALEXANDRU"/>
<Game blackPlayer="PATRUMARIA" handicap="0" knownColor="true" result="RESULT_WHITEWINS" roundNumber="5" tableNumber="8" whitePlayer="PRAHOVEANUANDREI"/>
<Game blackPlayer="POPESCULARISA" handicap="1" knownColor="true" result="RESULT_WHITEWINS" roundNumber="5" tableNumber="9" whitePlayer="BIRLANROBERT"/>
<Game blackPlayer="CORNILAIOANA" handicap="0" knownColor="true" result="RESULT_BLACKWINS" roundNumber="5" tableNumber="10" whitePlayer="PRAHOVEANUALEXANDRU"/>
</Games>
<ByePlayers>
<ByePlayer player="POPESCULARISA" roundNumber="1"/>
<ByePlayer player="PATRUMARIA" roundNumber="2"/>
<ByePlayer player="PRAHOVEANUALEXANDRU" roundNumber="3"/>
<ByePlayer player="CORNILAIOANA" roundNumber="4"/>
<ByePlayer player="NAZARIEHORIA" roundNumber="5"/>
</ByePlayers>
<TournamentParameterSet>
<GeneralParameterSet basicTime="30" beginDate="2016-08-07" canByoYomiTime="300" complementaryTimeSystem="STDBYOYOMI" director="Marius" endDate="2016-08-07" fischerTime="10" genMMBar="4D" genMMFloor="20K" genMMS2ValueAbsent="1" genMMS2ValueBye="2" genMMZero="30K" genNBW2ValueAbsent="0" genNBW2ValueBye="2" genRoundDownNBWMMS="true" komi="6.5" location="Moeciu" name="Cupa de vara Hikaru" nbMovesCanTime="15" numberOfCategories="1" numberOfRounds="5" shortName="Hikaru1" size="19" stdByoYomiTime="30"/>
<HandicapParameterSet hdBasedOnMMS="true" hdCeiling="9" hdCorrection="0" hdNoHdRankThreshold="1D"/>
<PlacementParameterSet>
<PlacementCriteria>
<PlacementCriterion name="MMS" number="1"/>
<PlacementCriterion name="SOSM" number="2"/>
<PlacementCriterion name="SOSOSM" number="3"/>
<PlacementCriterion name="NULL" number="4"/>
<PlacementCriterion name="NULL" number="5"/>
<PlacementCriterion name="NULL" number="6"/>
</PlacementCriteria>
</PlacementParameterSet>
<PairingParameterSet paiBaAvoidDuplGame="500000000000000" paiBaBalanceWB="1000000" paiBaDeterministic="true" paiBaRandom="0" paiMaAdditionalPlacementCritSystem1="Rating" paiMaAdditionalPlacementCritSystem2="NULL" paiMaAvoidMixingCategories="0" paiMaCompensateDUDD="true" paiMaDUDDLowerMode="MID" paiMaDUDDUpperMode="MID" paiMaDUDDWeight="100000000" paiMaLastRoundForSeedSystem1="2" paiMaMaximizeSeeding="5000000" paiMaMinimizeScoreDifference="100000000000" paiMaSeedSystem1="SPLITANDRANDOM" paiSeAvoidSameGeo="100000000000" paiSeBarThresholdActive="true" paiSeDefSecCrit="100000000000" paiSeMinimizeHandicap="0" paiSeNbWinsThresholdActive="false" paiSePreferMMSDiffRatherThanSameClub="3" paiSePreferMMSDiffRatherThanSameClubsGroup="2" paiSePreferMMSDiffRatherThanSameCountry="1" paiSeRankThreshold="1D" paiStandardNX1Factor="0.5"/>
<DPParameterSet displayClCol="true" displayCoCol="true" displayIndGamesInMatches="true" displayNumCol="true" displayPlCol="true" gameFormat="full" playerSortType="name" showByePlayer="true" showNotFinallyRegisteredPlayers="true" showNotPairedPlayers="true" showNotParticipatingPlayers="false" showPlayerClub="true" showPlayerCountry="false" showPlayerGrade="true"/>
<PublishParameterSet exportHFToOGSite="false" exportTFToOGSite="true" exportToLocalFile="true" exportToUDSite="false" htmlAutoScroll="false" print="true"/>
</TournamentParameterSet>
<TeamTournamentParameterSet>
<TeamGeneralParameterSet teamSize="4"/>
<TeamPlacementParameterSet>
<PlacementCriteria>
<PlacementCriterion name="TEAMP" number="1"/>
<PlacementCriterion name="BDW" number="2"/>
<PlacementCriterion name="BDW3U" number="3"/>
<PlacementCriterion name="BDW2U" number="4"/>
<PlacementCriterion name="BDW1U" number="5"/>
<PlacementCriterion name="MNR" number="6"/>
</PlacementCriteria>
</TeamPlacementParameterSet>
</TeamTournamentParameterSet>
</Tournament>
